[{"fields": {"model": "permission", "name": "permission", "app_label": "auth"}, "model": "contenttypes.contenttype", "pk": 1}, {"fields": {"model": "group", "name": "group", "app_label": "auth"}, "model": "contenttypes.contenttype", "pk": 2}, {"fields": {"model": "user", "name": "user", "app_label": "auth"}, "model": "contenttypes.contenttype", "pk": 3}, {"fields": {"model": "contenttype", "name": "content type", "app_label": "contenttypes"}, "model": "contenttypes.contenttype", "pk": 4}, {"fields": {"model": "session", "name": "session", "app_label": "sessions"}, "model": "contenttypes.contenttype", "pk": 5}, {"fields": {"model": "site", "name": "site", "app_label": "sites"}, "model": "contenttypes.contenttype", "pk": 6}, {"fields": {"model": "logentry", "name": "log entry", "app_label": "admin"}, "model": "contenttypes.contenttype", "pk": 7}, {"fields": {"model": "_bindingbase", "name": "_ binding base", "app_label": "taxii_services"}, "model": "contenttypes.contenttype", "pk": 8}, {"fields": {"model": "_handler", "name": "_ handler", "app_label": "taxii_services"}, "model": "contenttypes.contenttype", "pk": 9}, {"fields": {"model": "_taxiiservice", "name": "_ taxii service", "app_label": "taxii_services"}, "model": "contenttypes.contenttype", "pk": 10}, {"fields": {"model": "collectionmanagementservice", "name": "Collection Management Service", "app_label": "taxii_services"}, "model": "contenttypes.contenttype", "pk": 11}, {"fields": {"model": "contentbinding", "name": "Content Binding", "app_label": "taxii_services"}, "model": "contenttypes.contenttype", "pk": 12}, {"fields": {"model": "contentbindingandsubtype", "name": "Content Binding And Subtype", "app_label": "taxii_services"}, "model": "contenttypes.contenttype", "pk": 13}, {"fields": {"model": "contentbindingsubtype", "name": "Content Binding Subtype", "app_label": "taxii_services"}, "model": "contenttypes.contenttype", "pk": 14}, {"fields": {"model": "contentblock", "name": "Content Block", "app_label": "taxii_services"}, "model": "contenttypes.contenttype", "pk": 15}, {"fields": {"model": "datacollection", "name": "Data Collection", "app_label": "taxii_services"}, "model": "contenttypes.contenttype", "pk": 16}, {"fields": {"model": "queryscope", "name": "query scope", "app_label": "taxii_services"}, "model": "contenttypes.contenttype", "pk": 17}, {"fields": {"model": "discoveryservice", "name": "Discovery Service", "app_label": "taxii_services"}, "model": "contenttypes.contenttype", "pk": 18}, {"fields": {"model": "inboxmessage", "name": "Inbox Message", "app_label": "taxii_services"}, "model": "contenttypes.contenttype", "pk": 19}, {"fields": {"model": "inboxservice", "name": "Inbox Service", "app_label": "taxii_services"}, "model": "contenttypes.contenttype", "pk": 20}, {"fields": {"model": "messagebinding", "name": "Message Binding", "app_label": "taxii_services"}, "model": "contenttypes.contenttype", "pk": 21}, {"fields": {"model": "messagehandler", "name": "Message Handler", "app_label": "taxii_services"}, "model": "contenttypes.contenttype", "pk": 22}, {"fields": {"model": "pollservice", "name": "Poll Service", "app_label": "taxii_services"}, "model": "contenttypes.contenttype", "pk": 23}, {"fields": {"model": "protocolbinding", "name": "Protocol Binding", "app_label": "taxii_services"}, "model": "contenttypes.contenttype", "pk": 24}, {"fields": {"model": "queryhandler", "name": "query handler", "app_label": "taxii_services"}, "model": "contenttypes.contenttype", "pk": 25}, {"fields": {"model": "resultset", "name": "Result Set", "app_label": "taxii_services"}, "model": "contenttypes.contenttype", "pk": 26}, {"fields": {"model": "resultsetpart", "name": "Result Set Part", "app_label": "taxii_services"}, "model": "contenttypes.contenttype", "pk": 27}, {"fields": {"model": "subscription", "name": "subscription", "app_label": "taxii_services"}, "model": "contenttypes.contenttype", "pk": 28}, {"fields": {"model": "supportedquery", "name": "Supported Query", "app_label": "taxii_services"}, "model": "contenttypes.contenttype", "pk": 29}, {"fields": {"model": "validator", "name": "validator", "app_label": "taxii_services"}, "model": "contenttypes.contenttype", "pk": 30}, {"fields": {"expire_date": "2014-09-19T13:47:43.212Z", "session_data": "MzE2ZjdkNGY5MjFmZTZjZjdiNjFjZDg1YWJmZDMwNzc2ZTJlMWIzNjp7Il9hdXRoX3VzZXJfaGFzaCI6Ijk3NWQ5YWRhYWZkMTI2YjY3MjZmYTUwZGE3NDA5NmVkMzJhYzYwZGEiLCJfYXV0aF91c2VyX2JhY2tlbmQiOiJkamFuZ28uY29udHJpYi5hdXRoLmJhY2tlbmRzLk1vZGVsQmFja2VuZCIsIl9hdXRoX3VzZXJfaWQiOjF9"}, "model": "sessions.session", "pk": "mh7o8mnb5t3jtjjyj8uo26znp5kms2tm"}, {"fields": {"domain": "example.com", "name": "example.com"}, "model": "sites.site", "pk": 1}, {"fields": {"date_updated": "2014-08-06T18:33:40.342Z", "date_created": "2014-08-06T18:33:40.342Z", "binding_id": "urn:stix.mitre.org:xml:1.0", "name": "STIX v1.0 XML Content", "description": ""}, "model": "taxii_services._bindingbase", "pk": 1}, {"fields": {"date_updated": "2014-08-06T18:33:53.083Z", "date_created": "2014-08-06T18:33:53.083Z", "binding_id": "urn:stix.mitre.org:xml:1.1", "name": "STIX v1.1 XML Content", "description": ""}, "model": "taxii_services._bindingbase", "pk": 2}, {"fields": {"date_updated": "2014-08-06T18:34:09.085Z", "date_created": "2014-08-06T18:34:09.085Z", "binding_id": "urn:stix.mitre.org:xml:1.1.1", "name": "STIX v1.1.1 XML Content", "description": ""}, "model": "taxii_services._bindingbase", "pk": 3}, {"fields": {"date_updated": "2014-08-06T18:34:20.029Z", "date_created": "2014-08-06T18:34:20.029Z", "binding_id": "urn:stix.mitre.org:xml:1.0.1", "name": "STIX v1.0.1 XML Content", "description": ""}, "model": "taxii_services._bindingbase", "pk": 4}, {"fields": {"date_updated": "2014-08-06T18:35:04.891Z", "date_created": "2014-08-06T18:35:04.891Z", "binding_id": "urn:taxii.mitre.org:message:xml:1.1", "name": "TAXII XML v1.1", "description": ""}, "model": "taxii_services._bindingbase", "pk": 5}, {"fields": {"date_updated": "2014-08-06T18:35:20.466Z", "date_created": "2014-08-06T18:35:20.466Z", "binding_id": "urn:taxii.mitre.org:protocol:http:1.0", "name": "TAXII HTTP v1.0", "description": ""}, "model": "taxii_services._bindingbase", "pk": 6}, {"fields": {"date_updated": "2014-08-06T18:35:27.831Z", "date_created": "2014-08-06T18:35:27.831Z", "binding_id": "urn:taxii.mitre.org:protocol:https:1.0", "name": "TAXII HTTPS v1.0", "description": ""}, "model": "taxii_services._bindingbase", "pk": 7}, {"fields": {"name": "InboxMessage11Handler", "class_name": "InboxMessage11Handler", "date_updated": "2014-09-05T15:56:09.740Z", "handler": "taxii_services.taxii_handlers.InboxMessage11Handler", "version": "1", "date_created": "2014-08-06T18:31:47.070Z", "module_name": "taxii_services.taxii_handlers", "description": "Built-in TAXII 1.1 Inbox Message Handler."}, "model": "taxii_services._handler", "pk": 1}, {"fields": {"name": "DiscoveryRequest11Handler", "class_name": "DiscoveryRequest11Handler", "date_updated": "2014-09-05T15:56:09.789Z", "handler": "taxii_services.taxii_handlers.DiscoveryRequest11Handler", "version": "1", "date_created": "2014-08-06T18:32:04.574Z", "module_name": "taxii_services.taxii_handlers", "description": "Built-in TAXII 1.1 Discovery Request Handler."}, "model": "taxii_services._handler", "pk": 2}, {"fields": {"name": "PollRequest11Handler", "class_name": "PollRequest11Handler", "date_updated": "2014-09-05T15:56:09.716Z", "handler": "taxii_services.taxii_handlers.PollRequest11Handler", "version": "1", "date_created": "2014-08-06T18:32:26.904Z", "module_name": "taxii_services.taxii_handlers", "description": "Built-in TAXII 1.1 Poll Request Handler.\n    \n    This handler has multiple extension points for developers\n    who want to extend and/or customize this class."}, "model": "taxii_services._handler", "pk": 3}, {"fields": {"name": "PollFulfillmentRequest11Handler", "class_name": "PollFulfillmentRequest11Handler", "date_updated": "2014-09-05T15:56:09.846Z", "handler": "taxii_services.taxii_handlers.PollFulfillmentRequest11Handler", "version": "1", "date_created": "2014-08-06T18:32:43.727Z", "module_name": "taxii_services.taxii_handlers", "description": "Built-in TAXII 1.1 Poll Fulfillment Request Handler."}, "model": "taxii_services._handler", "pk": 4}, {"fields": {"name": "CollectionInformationRequest11Handler", "class_name": "CollectionInformationRequest11Handler", "date_updated": "2014-09-05T15:56:09.778Z", "handler": "taxii_services.taxii_handlers.CollectionInformationRequest11Handler", "version": "1", "date_created": "2014-08-06T18:32:54.567Z", "module_name": "taxii_services.taxii_handlers", "description": "Built-in TAXII 1.1 Collection Information Request Handler."}, "model": "taxii_services._handler", "pk": 5}, {"fields": {"name": "Manage Collection Subscription Request Handler", "class_name": "ManageCollectionSubscriptionRequest11Handler", "date_updated": "2014-08-06T18:33:04.231Z", "handler": "taxii_services.taxii_handlers.ManageCollectionSubscriptionRequest11Handler", "version": "1", "date_created": "2014-08-06T18:33:04.231Z", "module_name": "taxii_services.taxii_handlers", "description": "Built-in Management Collection Subscription Request Handler."}, "model": "taxii_services._handler", "pk": 6}, {"fields": {"name": "StixXml111QueryHandler", "class_name": "StixXml111QueryHandler", "date_updated": "2014-09-05T15:56:09.617Z", "handler": "yeti.StixXml111QueryHandler.StixXml111QueryHandler", "version": "1", "date_created": "2014-09-05T13:40:45.700Z", "module_name": "yeti.StixXml111QueryHandler", "description": "Tmp description"}, "model": "taxii_services._handler", "pk": 7}, {"fields": {"name": "SubscriptionRequest11Handler", "class_name": "SubscriptionRequest11Handler", "date_updated": "2014-09-05T15:56:09.858Z", "handler": "taxii_services.taxii_handlers.SubscriptionRequest11Handler", "version": "1", "date_created": "2014-09-05T13:40:45.719Z", "module_name": "taxii_services.taxii_handlers", "description": "Built-in TAXII 1.1 Manage Collection Subscription Request Handler."}, "model": "taxii_services._handler", "pk": 8}, {"fields": {"name": "InboxMessage10Handler", "class_name": "InboxMessage10Handler", "date_updated": "2014-09-05T15:56:09.699Z", "handler": "taxii_services.taxii_handlers.InboxMessage10Handler", "version": "1", "date_created": "2014-09-05T13:47:18.151Z", "module_name": "taxii_services.taxii_handlers", "description": "Built in TAXII 1.0 Message Handler"}, "model": "taxii_services._handler", "pk": 9}, {"fields": {"name": "InboxMessageHandler", "class_name": "InboxMessageHandler", "date_updated": "2014-09-05T15:56:09.731Z", "handler": "taxii_services.taxii_handlers.InboxMessageHandler", "version": "1", "date_created": "2014-09-05T13:47:18.178Z", "module_name": "taxii_services.taxii_handlers", "description": "Built-in TAXII 1.1 and 1.0 Message Handler"}, "model": "taxii_services._handler", "pk": 10}, {"fields": {"name": "SubscriptionRequest10Handler", "class_name": "SubscriptionRequest10Handler", "date_updated": "2014-09-05T15:56:09.750Z", "handler": "taxii_services.taxii_handlers.SubscriptionRequest10Handler", "version": "1", "date_created": "2014-09-05T13:47:18.207Z", "module_name": "taxii_services.taxii_handlers", "description": "Built-in TAXII 1.0 Manage Collection Subscription Request Handler."}, "model": "taxii_services._handler", "pk": 11}, {"fields": {"name": "SubscriptionRequestHandler", "class_name": "SubscriptionRequestHandler", "date_updated": "2014-09-05T15:56:09.759Z", "handler": "taxii_services.taxii_handlers.SubscriptionRequestHandler", "version": "1", "date_created": "2014-09-05T13:47:18.225Z", "module_name": "taxii_services.taxii_handlers", "description": "Built-in TAXII 1.1 and TAXII 1.0 Management Collection/Feed Subscription Request Handler."}, "model": "taxii_services._handler", "pk": 12}, {"fields": {"name": "FeedInformationRequest10Handler", "class_name": "FeedInformationRequest10Handler", "date_updated": "2014-09-05T15:56:09.769Z", "handler": "taxii_services.taxii_handlers.FeedInformationRequest10Handler", "version": "1", "date_created": "2014-09-05T13:47:18.241Z", "module_name": "taxii_services.taxii_handlers", "description": "Built-in TAXII 1.0 Feed Information Request Handler"}, "model": "taxii_services._handler", "pk": 13}, {"fields": {"name": "CollectionInformationRequestHandler", "class_name": "CollectionInformationRequestHandler", "date_updated": "2014-09-05T15:56:09.798Z", "handler": "taxii_services.taxii_handlers.CollectionInformationRequestHandler", "version": "1", "date_created": "2014-09-05T13:47:18.281Z", "module_name": "taxii_services.taxii_handlers", "description": "Built-in TAXII 1.1 and 1.0 Collection/Feed Information Request handler."}, "model": "taxii_services._handler", "pk": 14}, {"fields": {"name": "PollRequestHandler", "class_name": "PollRequestHandler", "date_updated": "2014-09-05T15:56:09.808Z", "handler": "taxii_services.taxii_handlers.PollRequestHandler", "version": "1", "date_created": "2014-09-05T13:47:18.297Z", "module_name": "taxii_services.taxii_handlers", "description": "Built-in TAXII 1.1 and TAXII 1.0 Poll Request Handler"}, "model": "taxii_services._handler", "pk": 15}, {"fields": {"name": "DiscoveryRequest10Handler", "class_name": "DiscoveryRequest10Handler", "date_updated": "2014-09-05T15:56:09.818Z", "handler": "taxii_services.taxii_handlers.DiscoveryRequest10Handler", "version": "1", "date_created": "2014-09-05T13:47:18.314Z", "module_name": "taxii_services.taxii_handlers", "description": "Built-in TAXII 1.0 Discovery Request Handler"}, "model": "taxii_services._handler", "pk": 16}, {"fields": {"name": "PollRequest10Handler", "class_name": "PollRequest10Handler", "date_updated": "2014-09-05T15:56:09.827Z", "handler": "taxii_services.taxii_handlers.PollRequest10Handler", "version": "1", "date_created": "2014-09-05T13:47:18.329Z", "module_name": "taxii_services.taxii_handlers", "description": "Built-in TAXII 1.0 Poll Request Handler"}, "model": "taxii_services._handler", "pk": 17}, {"fields": {"name": "DiscoveryRequestHandler", "class_name": "DiscoveryRequestHandler", "date_updated": "2014-09-05T15:56:09.836Z", "handler": "taxii_services.taxii_handlers.DiscoveryRequestHandler", "version": "1", "date_created": "2014-09-05T13:47:18.344Z", "module_name": "taxii_services.taxii_handlers", "description": "Built-in TAXII 1.1 and TAXII 1.0 Discovery Request Handler"}, "model": "taxii_services._handler", "pk": 18}, {"fields": {"supported_message_bindings": [5], "name": "Test Inbox 1", "date_updated": "2014-09-05T15:19:07.858Z", "supported_protocol_bindings": [6, 7], "enabled": true, "date_created": "2014-08-06T18:35:55.560Z", "path": "/services/test_inbox_1/", "description": "This is the default Inbox Service."}, "model": "taxii_services._taxiiservice", "pk": 1}, {"fields": {"supported_message_bindings": [5], "name": "Test Poll Service", "date_updated": "2014-09-05T15:55:15.479Z", "supported_protocol_bindings": [6, 7], "enabled": true, "date_created": "2014-08-06T18:36:48.278Z", "path": "/services/test_poll_1/", "description": "This is the default Poll Service."}, "model": "taxii_services._taxiiservice", "pk": 2}, {"fields": {"supported_message_bindings": [5], "name": "Default Discovery Service", "date_updated": "2014-09-05T15:54:25.505Z", "supported_protocol_bindings": [6, 7], "enabled": true, "date_created": "2014-08-06T18:37:56.708Z", "path": "/services/discovery/", "description": "The default Discovery Service."}, "model": "taxii_services._taxiiservice", "pk": 4}, {"fields": {"supported_message_bindings": [5], "name": "Collection Management Service", "date_updated": "2014-09-05T15:05:38.373Z", "supported_protocol_bindings": [6, 7], "enabled": true, "date_created": "2014-09-05T15:05:38.373Z", "path": "/services/collection-management/", "description": ""}, "model": "taxii_services._taxiiservice", "pk": 5}, {"fields": {"supported_message_bindings": [5], "name": "Test Inbox 2", "date_updated": "2014-09-05T15:18:52.020Z", "supported_protocol_bindings": [6, 7], "enabled": true, "date_created": "2014-09-05T15:18:52.020Z", "path": "/services/test_inbox_2/", "description": ""}, "model": "taxii_services._taxiiservice", "pk": 6}, {"fields": {"supported_message_bindings": [5], "name": "Test Inbox 3", "date_updated": "2014-09-05T15:19:23.002Z", "supported_protocol_bindings": [6, 7], "enabled": true, "date_created": "2014-09-05T15:19:23.002Z", "path": "/services/test_inbox_3/", "description": ""}, "model": "taxii_services._taxiiservice", "pk": 7}, {"fields": {"collection_information_handler": 14, "advertised_collections": [2], "supported_queries": [], "supported_message_bindings": [5], "supported_protocol_bindings": [6, 7], "subscription_management_handler": 12}, "model": "taxii_services.collectionmanagementservice", "pk": 5}, {"fields": {"validator": null}, "model": "taxii_services.contentbinding", "pk": 1}, {"fields": {"validator": null}, "model": "taxii_services.contentbinding", "pk": 2}, {"fields": {"validator": null}, "model": "taxii_services.contentbinding", "pk": 3}, {"fields": {"validator": null}, "model": "taxii_services.contentbinding", "pk": 4}, 
{"fields": {"name": "Indicator Profile (Fake)", "parent": 3, "date_updated": "2014-08-06T18:34:09.089Z", "validator": null, "subtype_id": "urn:stix.mitre.org:xml:1.1.1:fake_indicator_profile", "date_created": "2014-08-06T18:34:09.089Z", "description": ""}, "model": "taxii_services.contentbindingsubtype", "pk": 1}, {"fields": {"accept_all_content": true, "name": "default", "date_updated": "2014-09-05T15:05:36.865Z", "supported_content": [], "enabled": true, "content_blocks": [], "date_created": "2014-09-05T15:05:36.865Z", "type": "DATA_FEED", "description": ""}, "model": "taxii_services.datacollection", "pk": 2}, {"fields": {"advertised_collection_management_services": [5], "supported_message_bindings": [5], "supported_protocol_bindings": [6, 7], "advertised_inbox_services": [1, 6, 7], "discovery_handler": 18, "advertised_discovery_services": [], "advertised_poll_services": [2]}, "model": "taxii_services.discoveryservice", "pk": 4}, {"fields": {"inbox_message_handler": 1, "accept_all_content": true, "supported_content": [], "supported_message_bindings": [5], "supported_protocol_bindings": [6, 7], "destination_collection_status": "REQUIRED", "destination_collections": [2]}, "model": "taxii_services.inboxservice", "pk": 1}, {"fields": {"inbox_message_handler": 10, "accept_all_content": true, "supported_content": [], "supported_message_bindings": [5], "supported_protocol_bindings": [6, 7], "destination_collection_status": "OPTIONAL", "destination_collections": [2]}, "model": "taxii_services.inboxservice", "pk": 6}, {"fields": {"inbox_message_handler": 10, "accept_all_content": true, "supported_content": [], "supported_message_bindings": [5], "supported_protocol_bindings": [6, 7], "destination_collection_status": "PROHIBITED", "destination_collections": []}, "model": "taxii_services.inboxservice", "pk": 7}, {"fields": {}, "model": "taxii_services.messagebinding", "pk": 5}, {"fields": {"supported_messages": "[<class 'libtaxii.messages_11.CollectionInformationRequest'>]"}, "model": "taxii_services.messagehandler", "pk": 5}, {"fields": {"supported_messages": "[<class 'libtaxii.messages_10.FeedInformationRequest'>, <class 'libtaxii.messages_11.CollectionInformationRequest'>]"}, "model": "taxii_services.messagehandler", "pk": 14}, {"fields": {"supported_messages": "[<class 'libtaxii.messages_10.DiscoveryRequest'>]"}, "model": "taxii_services.messagehandler", "pk": 16}, {"fields": {"supported_messages": "[<class 'libtaxii.messages_11.DiscoveryRequest'>]"}, "model": "taxii_services.messagehandler", "pk": 2}, {"fields": {"supported_messages": "[<class 'libtaxii.messages_10.DiscoveryRequest'>, <class 'libtaxii.messages_11.DiscoveryRequest'>]"}, "model": "taxii_services.messagehandler", "pk": 18}, {"fields": {"supported_messages": "[<class 'libtaxii.messages_10.FeedInformationRequest'>]"}, "model": "taxii_services.messagehandler", "pk": 13}, {"fields": {"supported_messages": "[<class 'libtaxii.messages_10.InboxMessage'>]"}, "model": "taxii_services.messagehandler", "pk": 9}, {"fields": {"supported_messages": "[<class 'libtaxii.messages_11.InboxMessage'>]"}, "model": "taxii_services.messagehandler", "pk": 1}, {"fields": {"supported_messages": "[<class 'libtaxii.messages_10.InboxMessage'>, <class 'libtaxii.messages_11.InboxMessage'>]"}, "model": "taxii_services.messagehandler", "pk": 10}, {"fields": {"supported_messages": "[<class 'libtaxii.messages_11.ManageCollectionSubscriptionRequest'>]"}, "model": "taxii_services.messagehandler", "pk": 6}, {"fields": {"supported_messages": "[<class 'libtaxii.messages_11.PollFulfillmentRequest'>]"}, "model": "taxii_services.messagehandler", "pk": 4}, {"fields": {"supported_messages": "[<class 'libtaxii.messages_10.PollRequest'>]"}, "model": "taxii_services.messagehandler", "pk": 17}, {"fields": {"supported_messages": "[<class 'libtaxii.messages_11.PollRequest'>]"}, "model": "taxii_services.messagehandler", "pk": 3}, {"fields": {"supported_messages": "[<class 'libtaxii.messages_10.PollRequest'>, <class 'libtaxii.messages_11.PollRequest'>]"}, "model": "taxii_services.messagehandler", "pk": 15}, {"fields": {"supported_messages": "[<class 'libtaxii.messages_10.ManageFeedSubscriptionRequest'>]"}, "model": "taxii_services.messagehandler", "pk": 11}, {"fields": {"supported_messages": "[<class 'libtaxii.messages_11.ManageCollectionSubscriptionRequest'>]"}, "model": "taxii_services.messagehandler", "pk": 8}, {"fields": {"supported_messages": "[<class 'libtaxii.messages_11.ManageCollectionSubscriptionRequest'>, <class 'libtaxii.messages_10.ManageFeedSubscriptionRequest'>]"}, "model": "taxii_services.messagehandler", "pk": 12}, {"fields": {"supported_message_bindings": [5], "data_collections": [2], "supported_queries": [], "supported_protocol_bindings": [6, 7], "requires_subscription": false, "poll_request_handler": 3, "poll_fulfillment_handler": 4, "max_result_size": null}, "model": "taxii_services.pollservice", "pk": 2}, {"fields": {}, "model": "taxii_services.protocolbinding", "pk": 6}, {"fields": {}, "model": "taxii_services.protocolbinding", "pk": 7}, {"fields": {"targeting_expression_id": "urn:stix.mitre.org:xml:1.1.1", "capability_modules": "['urn:taxii.mitre.org:query:capability:core-1']"}, "model": "taxii_services.queryhandler", "pk": 7}, {"fields": {"codename": "add_permission", "name": "Can add permission", "content_type": 1}, "model": "auth.permission", "pk": 1}, {"fields": {"codename": "change_permission", "name": "Can change permission", "content_type": 1}, "model": "auth.permission", "pk": 2}, {"fields": {"codename": "delete_permission", "name": "Can delete permission", "content_type": 1}, "model": "auth.permission", "pk": 3}, {"fields": {"codename": "add_group", "name": "Can add group", "content_type": 2}, "model": "auth.permission", "pk": 4}, {"fields": {"codename": "change_group", "name": "Can change group", "content_type": 2}, "model": "auth.permission", "pk": 5}, {"fields": {"codename": "delete_group", "name": "Can delete group", "content_type": 2}, "model": "auth.permission", "pk": 6}, {"fields": {"codename": "add_user", "name": "Can add user", "content_type": 3}, "model": "auth.permission", "pk": 7}, {"fields": {"codename": "change_user", "name": "Can change user", "content_type": 3}, "model": "auth.permission", "pk": 8}, {"fields": {"codename": "delete_user", "name": "Can delete user", "content_type": 3}, "model": "auth.permission", "pk": 9}, {"fields": {"codename": "add_contenttype", "name": "Can add content type", "content_type": 4}, "model": "auth.permission", "pk": 10}, {"fields": {"codename": "change_contenttype", "name": "Can change content type", "content_type": 4}, "model": "auth.permission", "pk": 11}, {"fields": {"codename": "delete_contenttype", "name": "Can delete content type", "content_type": 4}, "model": "auth.permission", "pk": 12}, {"fields": {"codename": "add_session", "name": "Can add session", "content_type": 5}, "model": "auth.permission", "pk": 13}, {"fields": {"codename": "change_session", "name": "Can change session", "content_type": 5}, "model": "auth.permission", "pk": 14}, {"fields": {"codename": "delete_session", "name": "Can delete session", "content_type": 5}, "model": "auth.permission", "pk": 15}, {"fields": {"codename": "add_site", "name": "Can add site", "content_type": 6}, "model": "auth.permission", "pk": 16}, {"fields": {"codename": "change_site", "name": "Can change site", "content_type": 6}, "model": "auth.permission", "pk": 17}, {"fields": {"codename": "delete_site", "name": "Can delete site", "content_type": 6}, "model": "auth.permission", "pk": 18}, {"fields": {"codename": "add_logentry", "name": "Can add log entry", "content_type": 7}, "model": "auth.permission", "pk": 19}, {"fields": {"codename": "change_logentry", "name": "Can change log entry", "content_type": 7}, "model": "auth.permission", "pk": 20}, {"fields": {"codename": "delete_logentry", "name": "Can delete log entry", "content_type": 7}, "model": "auth.permission", "pk": 21}, {"fields": {"codename": "add__bindingbase", "name": "Can add _ binding base", "content_type": 8}, "model": "auth.permission", "pk": 22}, {"fields": {"codename": "change__bindingbase", "name": "Can change _ binding base", "content_type": 8}, "model": "auth.permission", "pk": 23}, {"fields": {"codename": "delete__bindingbase", "name": "Can delete _ binding base", "content_type": 8}, "model": "auth.permission", "pk": 24}, {"fields": {"codename": "add__handler", "name": "Can add _ handler", "content_type": 9}, "model": "auth.permission", "pk": 25}, {"fields": {"codename": "change__handler", "name": "Can change _ handler", "content_type": 9}, "model": "auth.permission", "pk": 26}, {"fields": {"codename": "delete__handler", "name": "Can delete _ handler", "content_type": 9}, "model": "auth.permission", "pk": 27}, {"fields": {"codename": "add__taxiiservice", "name": "Can add _ taxii service", "content_type": 10}, "model": "auth.permission", "pk": 28}, {"fields": {"codename": "change__taxiiservice", "name": "Can change _ taxii service", "content_type": 10}, "model": "auth.permission", "pk": 29}, {"fields": {"codename": "delete__taxiiservice", "name": "Can delete _ taxii service", "content_type": 10}, "model": "auth.permission", "pk": 30}, {"fields": {"codename": "add_collectionmanagementservice", "name": "Can add Collection Management Service", "content_type": 11}, "model": "auth.permission", "pk": 31}, {"fields": {"codename": "change_collectionmanagementservice", "name": "Can change Collection Management Service", "content_type": 11}, "model": "auth.permission", "pk": 32}, {"fields": {"codename": "delete_collectionmanagementservice", "name": "Can delete Collection Management Service", "content_type": 11}, "model": "auth.permission", "pk": 33}, {"fields": {"codename": "add_contentbinding", "name": "Can add Content Binding", "content_type": 12}, "model": "auth.permission", "pk": 34}, {"fields": {"codename": "change_contentbinding", "name": "Can change Content Binding", "content_type": 12}, "model": "auth.permission", "pk": 35}, {"fields": {"codename": "delete_contentbinding", "name": "Can delete Content Binding", "content_type": 12}, "model": "auth.permission", "pk": 36}, {"fields": {"codename": "add_contentbindingandsubtype", "name": "Can add Content Binding And Subtype", "content_type": 13}, "model": "auth.permission", "pk": 37}, {"fields": {"codename": "change_contentbindingandsubtype", "name": "Can change Content Binding And Subtype", "content_type": 13}, "model": "auth.permission", "pk": 38}, {"fields": {"codename": "delete_contentbindingandsubtype", "name": "Can delete Content Binding And Subtype", "content_type": 13}, "model": "auth.permission", "pk": 39}, {"fields": {"codename": "add_contentbindingsubtype", "name": "Can add Content Binding Subtype", "content_type": 14}, "model": "auth.permission", "pk": 40}, {"fields": {"codename": "change_contentbindingsubtype", "name": "Can change Content Binding Subtype", "content_type": 14}, "model": "auth.permission", "pk": 41}, {"fields": {"codename": "delete_contentbindingsubtype", "name": "Can delete Content Binding Subtype", "content_type": 14}, "model": "auth.permission", "pk": 42}, {"fields": {"codename": "add_contentblock", "name": "Can add Content Block", "content_type": 15}, "model": "auth.permission", "pk": 43}, {"fields": {"codename": "change_contentblock", "name": "Can change Content Block", "content_type": 15}, "model": "auth.permission", "pk": 44}, {"fields": {"codename": "delete_contentblock", "name": "Can delete Content Block", "content_type": 15}, "model": "auth.permission", "pk": 45}, {"fields": {"codename": "add_datacollection", "name": "Can add Data Collection", "content_type": 16}, "model": "auth.permission", "pk": 46}, {"fields": {"codename": "change_datacollection", "name": "Can change Data Collection", "content_type": 16}, "model": "auth.permission", "pk": 47}, {"fields": {"codename": "delete_datacollection", "name": "Can delete Data Collection", "content_type": 16}, "model": "auth.permission", "pk": 48}, {"fields": {"codename": "add_queryscope", "name": "Can add query scope", "content_type": 17}, "model": "auth.permission", "pk": 49}, {"fields": {"codename": "change_queryscope", "name": "Can change query scope", "content_type": 17}, "model": "auth.permission", "pk": 50}, {"fields": {"codename": "delete_queryscope", "name": "Can delete query scope", "content_type": 17}, "model": "auth.permission", "pk": 51}, {"fields": {"codename": "add_discoveryservice", "name": "Can add Discovery Service", "content_type": 18}, "model": "auth.permission", "pk": 52}, {"fields": {"codename": "change_discoveryservice", "name": "Can change Discovery Service", "content_type": 18}, "model": "auth.permission", "pk": 53}, {"fields": {"codename": "delete_discoveryservice", "name": "Can delete Discovery Service", "content_type": 18}, "model": "auth.permission", "pk": 54}, {"fields": {"codename": "add_inboxmessage", "name": "Can add Inbox Message", "content_type": 19}, "model": "auth.permission", "pk": 55}, {"fields": {"codename": "change_inboxmessage", "name": "Can change Inbox Message", "content_type": 19}, "model": "auth.permission", "pk": 56}, {"fields": {"codename": "delete_inboxmessage", "name": "Can delete Inbox Message", "content_type": 19}, "model": "auth.permission", "pk": 57}, {"fields": {"codename": "add_inboxservice", "name": "Can add Inbox Service", "content_type": 20}, "model": "auth.permission", "pk": 58}, {"fields": {"codename": "change_inboxservice", "name": "Can change Inbox Service", "content_type": 20}, "model": "auth.permission", "pk": 59}, {"fields": {"codename": "delete_inboxservice", "name": "Can delete Inbox Service", "content_type": 20}, "model": "auth.permission", "pk": 60}, {"fields": {"codename": "add_messagebinding", "name": "Can add Message Binding", "content_type": 21}, "model": "auth.permission", "pk": 61}, {"fields": {"codename": "change_messagebinding", "name": "Can change Message Binding", "content_type": 21}, "model": "auth.permission", "pk": 62}, {"fields": {"codename": "delete_messagebinding", "name": "Can delete Message Binding", "content_type": 21}, "model": "auth.permission", "pk": 63}, {"fields": {"codename": "add_messagehandler", "name": "Can add Message Handler", "content_type": 22}, "model": "auth.permission", "pk": 64}, {"fields": {"codename": "change_messagehandler", "name": "Can change Message Handler", "content_type": 22}, "model": "auth.permission", "pk": 65}, {"fields": {"codename": "delete_messagehandler", "name": "Can delete Message Handler", "content_type": 22}, "model": "auth.permission", "pk": 66}, {"fields": {"codename": "add_pollservice", "name": "Can add Poll Service", "content_type": 23}, "model": "auth.permission", "pk": 67}, {"fields": {"codename": "change_pollservice", "name": "Can change Poll Service", "content_type": 23}, "model": "auth.permission", "pk": 68}, {"fields": {"codename": "delete_pollservice", "name": "Can delete Poll Service", "content_type": 23}, "model": "auth.permission", "pk": 69}, {"fields": {"codename": "add_protocolbinding", "name": "Can add Protocol Binding", "content_type": 24}, "model": "auth.permission", "pk": 70}, {"fields": {"codename": "change_protocolbinding", "name": "Can change Protocol Binding", "content_type": 24}, "model": "auth.permission", "pk": 71}, {"fields": {"codename": "delete_protocolbinding", "name": "Can delete Protocol Binding", "content_type": 24}, "model": "auth.permission", "pk": 72}, {"fields": {"codename": "add_queryhandler", "name": "Can add query handler", "content_type": 25}, "model": "auth.permission", "pk": 73}, {"fields": {"codename": "change_queryhandler", "name": "Can change query handler", "content_type": 25}, "model": "auth.permission", "pk": 74}, {"fields": {"codename": "delete_queryhandler", "name": "Can delete query handler", "content_type": 25}, "model": "auth.permission", "pk": 75}, {"fields": {"codename": "add_resultset", "name": "Can add Result Set", "content_type": 26}, "model": "auth.permission", "pk": 76}, {"fields": {"codename": "change_resultset", "name": "Can change Result Set", "content_type": 26}, "model": "auth.permission", "pk": 77}, {"fields": {"codename": "delete_resultset", "name": "Can delete Result Set", "content_type": 26}, "model": "auth.permission", "pk": 78}, {"fields": {"codename": "add_resultsetpart", "name": "Can add Result Set Part", "content_type": 27}, "model": "auth.permission", "pk": 79}, {"fields": {"codename": "change_resultsetpart", "name": "Can change Result Set Part", "content_type": 27}, "model": "auth.permission", "pk": 80}, {"fields": {"codename": "delete_resultsetpart", "name": "Can delete Result Set Part", "content_type": 27}, "model": "auth.permission", "pk": 81}, {"fields": {"codename": "add_subscription", "name": "Can add subscription", "content_type": 28}, "model": "auth.permission", "pk": 82}, {"fields": {"codename": "change_subscription", "name": "Can change subscription", "content_type": 28}, "model": "auth.permission", "pk": 83}, {"fields": {"codename": "delete_subscription", "name": "Can delete subscription", "content_type": 28}, "model": "auth.permission", "pk": 84}, {"fields": {"codename": "add_supportedquery", "name": "Can add Supported Query", "content_type": 29}, "model": "auth.permission", "pk": 85}, {"fields": {"codename": "change_supportedquery", "name": "Can change Supported Query", "content_type": 29}, "model": "auth.permission", "pk": 86}, {"fields": {"codename": "delete_supportedquery", "name": "Can delete Supported Query", "content_type": 29}, "model": "auth.permission", "pk": 87}, {"fields": {"codename": "add_validator", "name": "Can add validator", "content_type": 30}, "model": "auth.permission", "pk": 88}, {"fields": {"codename": "change_validator", "name": "Can change validator", "content_type": 30}, "model": "auth.permission", "pk": 89}, {"fields": {"codename": "delete_validator", "name": "Can delete validator", "content_type": 30}, "model": "auth.permission", "pk": 90}, {"fields": {"username": "mdavidson", "first_name": "", "last_name": "", "is_active": true, "is_superuser": true, "is_staff": true, "last_login": "2014-09-05T13:47:43.170Z", "groups": [], "user_permissions": [], "password": "pbkdf2_sha256$12000$pHdmSg11Dmnj$SoL+l9elrqKYf40/XNvXDQAHDuk2lILnmHnMfy2XItU=", "email": "", "date_joined": "2014-09-05T13:47:23.540Z"}, "model": "auth.user", "pk": 1}, {"fields": {"action_flag": 3, "action_time": "2014-09-05T15:00:48.644Z", "object_repr": "Default Collection Management Service (/services/collection-management/)", "object_id": "3", "change_message": "", "user": 1, "content_type": 11}, "model": "admin.logentry", "pk": 1}, {"fields": {"action_flag": 3, "action_time": "2014-09-05T15:01:01.857Z", "object_repr": "default (DATA_FEED)", "object_id": "1", "change_message": "", "user": 1, "content_type": 16}, "model": "admin.logentry", "pk": 2}, {"fields": {"action_flag": 2, "action_time": "2014-09-05T15:01:15.787Z", "object_repr": "Default Discovery Service (/services/discovery/)", "object_id": "4", "change_message": "Changed discovery_handler.", "user": 1, "content_type": 18}, "model": "admin.logentry", "pk": 3}, {"fields": {"action_flag": 1, "action_time": "2014-09-05T15:05:36.868Z", "object_repr": "default (DATA_FEED)", "object_id": "2", "change_message": "", "user": 1, "content_type": 16}, "model": "admin.logentry", "pk": 4}, {"fields": {"action_flag": 1, "action_time": "2014-09-05T15:05:38.382Z", "object_repr": "Collection Management Service (/services/collection-management/)", "object_id": "5", "change_message": "", "user": 1, "content_type": 11}, "model": "admin.logentry", "pk": 5}, {"fields": {"action_flag": 2, "action_time": "2014-09-05T15:05:53.859Z", "object_repr": "Default Discovery Service (/services/discovery/)", "object_id": "4", "change_message": "Changed advertised_collection_management_services.", "user": 1, "content_type": 18}, "model": "admin.logentry", "pk": 6}, {"fields": {"action_flag": 2, "action_time": "2014-09-05T15:18:31.572Z", "object_repr": "Default Inbox Service (/services/test_inbox_1/)", "object_id": "1", "change_message": "Changed path, destination_collection_status and destination_collections.", "user": 1, "content_type": 20}, "model": "admin.logentry", "pk": 7}, {"fields": {"action_flag": 1, "action_time": "2014-09-05T15:18:52.034Z", "object_repr": "Test Inbox 2 (/services/test_inbox_2/)", "object_id": "6", "change_message": "", "user": 1, "content_type": 20}, "model": "admin.logentry", "pk": 8}, {"fields": {"action_flag": 2, "action_time": "2014-09-05T15:18:58.999Z", "object_repr": "Test Inbox 3 (/services/test_inbox_1/)", "object_id": "1", "change_message": "Changed name.", "user": 1, "content_type": 20}, "model": "admin.logentry", "pk": 9}, {"fields": {"action_flag": 2, "action_time": "2014-09-05T15:19:07.870Z", "object_repr": "Test Inbox 1 (/services/test_inbox_1/)", "object_id": "1", "change_message": "Changed name.", "user": 1, "content_type": 20}, "model": "admin.logentry", "pk": 10}, {"fields": {"action_flag": 1, "action_time": "2014-09-05T15:19:23.010Z", "object_repr": "Test Inbox 3 (/services/test_inbox_3/)", "object_id": "7", "change_message": "", "user": 1, "content_type": 20}, "model": "admin.logentry", "pk": 11}, {"fields": {"action_flag": 2, "action_time": "2014-09-05T15:54:25.522Z", "object_repr": "Default Discovery Service (/services/discovery/)", "object_id": "4", "change_message": "Changed advertised_inbox_services.", "user": 1, "content_type": 18}, "model": "admin.logentry", "pk": 12}, {"fields": {"action_flag": 2, "action_time": "2014-09-05T15:55:15.491Z", "object_repr": "Test Poll Service (/services/test_poll_1/)", "object_id": "2", "change_message": "Changed name, path and data_collections.", "user": 1, "content_type": 23}, "model": "admin.logentry", "pk": 13}]